full_name,shirt_size,with_design,with_hoodie,payment
Marshal Craxford,XL,false,true,wallet
Cacilie Shoulder,S,false,false,wallet
Suzann Lenaghen,XS,true,false,visa
Farley Goshawke,S,true,true,visa
Kale Pickover,M,true,true,wallet
Katherina Lusted,3XL,true,true,wallet
Chancey Kett,L,false,false,maestro
Wade Valentinetti,3XL,true,false,maestro
Chaddy Braithwait,M,true,true,americanexpress
Greg Prazer,2XL,true,false,wallet
Danit Dyka,S,true,false,wallet
Aldon Tweedy,M,false,false,americanexpress
Kessiah Pawlick,S,false,true,visa
Sophronia Nanson,3XL,true,true,visa
Tiffany Beentjes,L,false,true,bankcard
Bink Leborgne,S,false,true,visa
Ulrica Tongue,M,false,true,maestro
Edgardo Ryrie,3XL,false,false,americanexpress
Amitie Barczewski,M,true,true,wallet
Son Van der Mark,3XL,false,false,wallet
Gasper Stockman,S,false,false,mastercard
Chev Doyley,S,true,true,wallet
Elia Medina,3XL,false,false,diners-club-enroute
Kennith Cisec,L,true,false,visa
Basil Mayor,3XL,false,true,americanexpress
Van MacKeague,M,false,true,wallet
Audry Braybrookes,S,true,false,mastercard
Sandi Fronzek,XL,false,true,wallet
Lowrance Southorn,S,true,false,wallet
Jobina Colledge,2XL,false,false,visa
Eugene Butland,M,true,true,wallet
Giraud Muller,M,false,true,visa
Lauren Mogenot,XS,true,false,wallet
Anjanette Worsall,2XL,false,true,wallet
Benni Lochead,L,false,true,maestro
Booth Adess,M,true,true,visa
Debor Burtwistle,L,true,false,maestro
Martino Meade,XS,false,true,wallet
Worth Walduck,M,false,true,bankcard
Justin Kalinovich,2XL,false,true,wallet
Selinda Tierny,2XL,true,false,mastercard
Templeton Macura,2XL,true,false,wallet
Audry Dericot,S,false,false,mastercard
Maudie Banville,2XL,false,true,wallet
Marc Wray,2XL,true,true,visa
Florrie Sherwen,XS,false,false,wallet
Jodi Paynton,L,false,true,laser
Rivi Peskett,2XL,false,false,diners-club-us-ca
Templeton Demongeot,2XL,false,false,diners-club-enroute
Milt Ackermann,3XL,true,false,wallet
Amye Langelaan,XS,false,false,maestro
Hilary Grayham,S,false,true,wallet
Leila Urian,XS,true,true,wallet
Del Kill,S,false,false,visa
Imelda Kayne,2XL,false,false,visa
Filippa Graysmark,3XL,true,true,laser
Latia Bearcroft,M,true,false,maestro
Georgy Cardenosa,L,false,true,maestro
Beau Hillett,M,false,false,wallet
Cynthie Emberson,XS,true,false,diners-club-enroute
Candie Schowenburg,S,false,false,wallet
Myer Matejovsky,L,false,true,wallet
Marta Ruggier,L,true,false,wallet
Alfonso Cramb,M,false,false,wallet
Karrah Leary,XL,true,false,wallet
Beale Berkley,L,false,true,visa
Erick Annatt,XL,true,false,maestro
Rory Kilshall,M,true,false,wallet
Madella Scotts,S,false,true,visa
Issi Kubalek,3XL,false,false,diners-club-enroute
Mandy Faughey,XL,false,false,diners-club-us-ca
Cortie Finlaison,XL,true,true,americanexpress
Milka Borwick,XL,false,false,maestro
Henrieta Humphris,L,true,false,wallet
Raphaela Silk,XS,false,true,americanexpress
Marianne Raddin,L,true,false,maestro
Felipe Vaud,2XL,false,false,visa
Devlin Vize,XS,true,false,americanexpress
Alva Springtorp,M,false,true,wallet
Brenna Torrecilla,3XL,false,true,visa
Fax Pauluzzi,3XL,false,false,visa
Madeline Snalom,M,false,false,visa
Elfrieda Beards,L,true,true,wallet
Carlita Woolstenholmes,S,false,false,wallet
Devin Maccrae,XL,true,true,visa
Cross De la Perrelle,M,true,true,visa
Inglis Issatt,XS,true,false,wallet
Cynde Boule,L,false,false,laser
Beverly Ferfulle,2XL,false,true,maestro
Melisenda Willoughby,2XL,true,true,wallet
Alie Broady,L,false,true,visa
Broddy Stansfield,S,false,false,visa
Lura Gotling,M,true,false,diners-club-enroute
Carina Ungerechts,XL,false,true,mastercard
Layney Alldred,2XL,true,false,wallet
Heloise Giorgeschi,3XL,true,true,visa
Esmaria Treves,XS,true,false,visa
Charo Colleran,S,true,false,wallet
Riva Tetley,XS,true,true,visa
Donica Battin,3XL,true,false,wallet
Giusto McGifford,M,true,true,wallet
Priscella Snaddon,L,false,false,wallet
Dillie Hatchard,3XL,true,true,wallet
Keslie Spaxman,3XL,true,false,wallet
Isaak Rawling,M,true,true,visa
Linell Tirte,L,false,true,maestro
Anselma Merrill,L,false,false,mastercard
Derby Bratt,XL,true,true,laser
Jessey Puncher,L,true,true,wallet
Tomasina Limbourne,L,true,false,diners-club-enroute
Nev Sieb,XL,true,true,wallet
Boyce Saffrin,XL,true,true,mastercard
Blanca Dacres,XL,false,true,visa
Avrit Brittlebank,XL,false,false,wallet
Jenna Tipens,XS,false,false,visa
Julietta Lafford,XS,true,false,visa
Ester Quinnelly,S,false,false,wallet
Ingrim Lardeux,XS,false,true,mastercard
Glynnis Gallone,2XL,true,true,wallet
Ellene Hewins,2XL,false,false,diners-club-us-ca
Frank Ormshaw,2XL,false,true,bankcard
Edita Tilley,L,false,false,maestro
Audie Corderoy,XL,true,true,visa
Brena Cobbold,2XL,false,true,wallet
Billi Pyrke,S,true,false,maestro
Mikael Hummerston,2XL,false,false,maestro
Bryn Wealthall,XS,false,false,wallet
Genna Holberry,S,true,false,wallet
Lesya Hawtrey,2XL,false,true,visa
Rhona Nelthrop,3XL,true,false,wallet
Banky Graffham,M,true,true,bankcard
Jaime Shelly,S,false,false,wallet
Nessa Standidge,M,true,false,wallet
Wilmar Winmill,S,true,true,diners-club-enroute
Ham Firmin,S,false,true,wallet
Giorgia Troup,XS,true,false,visa
Lavinie Scogings,XS,false,false,mastercard
Jeralee Quig,XL,true,false,mastercard
Alena Binnall,2XL,true,true,visa
Valaria McCaskell,S,false,false,americanexpress
Dianna Thirtle,XS,false,false,mastercard
Sondra Bogays,S,false,false,diners-club-us-ca
Elle Espinel,M,false,true,diners-club-enroute
Ralf Gerwood,S,true,false,bankcard
Dorree Edinborough,3XL,true,true,maestro
Rosanna Dominichelli,L,true,true,wallet
Dalt Bellenger,2XL,false,true,laser
Rebe Cornthwaite,M,false,true,wallet
Syman Hail,2XL,true,false,wallet
Curr Brundale,2XL,true,false,mastercard
Liam Rubinowitch,S,false,false,wallet
Julina Frosdick,XL,true,true,diners-club-enroute
Christie Bumpas,XS,true,true,maestro
Brewer Gooda,3XL,false,false,wallet
Thorn Earey,3XL,false,false,maestro
Felisha Float,S,false,false,maestro
Bryana Dorbon,M,false,false,visa
Jo ann Windham,XL,true,true,maestro
Melicent Jakubovits,3XL,true,false,wallet
Isak Rawlcliffe,XL,false,true,wallet
Claudine Mogie,M,false,false,wallet
Dena Orrice,XS,false,true,wallet
Hoebart Quinlan,XL,false,false,wallet
Ronna Chancelier,M,true,false,laser
Marice Huchot,XL,true,true,wallet
Florance Veevers,XL,false,false,wallet
Salim Hilldrop,XS,true,false,wallet
Wilie Nestor,S,false,false,maestro
Isis Mulmuray,L,true,false,bankcard
Betty Menichelli,XS,true,false,wallet
Brett Besnardeau,S,false,true,wallet
Tymon Duce,S,false,true,visa
Opal Wynter,3XL,false,true,visa
Louie Jakovijevic,M,false,true,visa
Ardyth Tabb,L,true,true,visa
Berget Stilldale,M,false,true,wallet
Quintus Kingswell,3XL,true,false,visa
Benton Spurden,S,true,true,americanexpress
Farr Clemerson,S,false,false,mastercard
Lambert Jeggo,S,false,false,bankcard
Eveline Unwin,M,false,false,wallet
Kimmi Challiss,M,false,true,bankcard
Darby Perigeaux,3XL,false,false,visa
Lauri Marlin,L,true,false,wallet
Yetty Greenhill,XS,true,false,wallet
Florrie McKeurtan,L,true,false,mastercard
Corene Nornasell,L,true,false,maestro
Ebenezer Cragoe,XS,true,true,visa
Uta Wiggall,XL,true,true,wallet
Tedda Hegden,3XL,true,false,bankcard
Lezlie Eilhertsen,3XL,false,false,wallet
Wilek Cerith,2XL,false,true,visa
Elinor Brattell,XS,false,false,wallet
Gibbie Boribal,XS,true,false,wallet
Jermain Lakenton,S,true,false,mastercard
Beilul Harbord,XS,true,false,americanexpress
Stafani Emanuele,3XL,false,true,visa
Joell Bennallck,XL,true,true,americanexpress
Thedrick Tarpey,M,false,false,wallet
Adrian Coskerry,XL,true,true,wallet
Shadow Reckhouse,M,false,false,mastercard
Darlene Sterland,XL,false,true,wallet
Demetria Montilla,3XL,true,false,visa
Karrah Kowal,XS,true,true,americanexpress
Adriano Alwen,2XL,false,true,wallet
Vachel Henrie,3XL,true,true,wallet
Arnaldo Jojic,XL,true,false,visa
Jeth Blose,L,true,false,bankcard
Swen Itshak,3XL,true,false,mastercard
Jorry Musgrave,2XL,false,false,wallet
Ellary Ebbens,XS,true,true,americanexpress
Niven Bridle,M,false,true,maestro
Nell Nolleth,L,true,false,wallet
Camella Rops,S,true,false,wallet
Quintana Farreil,XL,false,true,visa
Zara Chessill,XL,false,false,americanexpress
Staford Kobsch,XS,true,false,bankcard
Cullen Dufore,M,true,false,wallet
Candace Yallop,M,false,false,wallet
Onfre Plowes,M,true,true,bankcard
Raynell Carus,XS,false,false,wallet
Bettye Mucci,2XL,false,false,wallet
Rae De Filippi,S,false,true,wallet
Rafael Oneill,XS,true,false,wallet
Sidney Baskeyfied,3XL,false,true,mastercard
Rozalie Kunert,3XL,true,true,wallet
Carlee Laphorn,XS,true,false,wallet
Kelsi Murby,XS,true,false,wallet
Jena Hayto,XS,false,false,wallet
Pammy Tewelson,S,true,true,wallet
Ange Stanyon,M,false,true,wallet
Lizette Worgen,M,false,true,maestro
Doroteya Watkin,2XL,true,true,americanexpress
Susanna Musk,S,false,false,visa
Kerry Firby,3XL,true,false,visa
Meredeth Georgel,2XL,true,false,wallet
Rockie Englefield,XL,true,false,maestro
Orrin Braddick,XL,true,true,wallet
Winne McVitty,L,true,false,maestro
Mile Pryer,L,false,false,diners-club-enroute
Rog Goult,XS,false,true,visa
Rollins Shoppee,3XL,true,true,wallet
Norry Server,L,true,false,wallet
Roch Windley,M,false,true,maestro
Ermin Woltering,XS,true,false,wallet
Ola Mizen,XL,false,true,wallet
Sadie Iannuzzelli,L,false,true,wallet
Addy Southerns,2XL,false,true,diners-club-enroute
Roldan Abrahams,L,true,false,mastercard
Zorana Hambatch,XS,true,true,wallet
Jo-ann Collings,2XL,true,true,wallet
Rance Schneidar,3XL,true,true,visa
Giacomo Fotheringham,L,true,false,mastercard
Ax Brockton,XL,true,true,americanexpress
Cindee Philippault,M,true,false,wallet
Stillman Treffry,L,true,true,visa
Marlee Glasscoo,M,false,false,diners-club-enroute
Julia Kimmince,M,true,true,mastercard
Ralph Poxson,S,true,false,visa
Sabrina Kauschke,XS,false,true,maestro
Hester Kollaschek,L,true,false,bankcard
Alysia Perrett,S,false,false,americanexpress
Irene Koppke,2XL,true,true,laser
Evanne Solway,S,true,false,maestro
Easter Bysshe,XS,true,false,wallet
Reiko Rowbottom,3XL,false,false,mastercard
Clem Predohl,XS,false,true,wallet
Blinni Elstob,XS,false,true,wallet
Sheryl Alten,3XL,true,true,bankcard
Arabela Elger,S,false,false,maestro
Gottfried Bollin,XL,true,false,bankcard
Enos Sharer,XL,true,false,wallet
Florence Kornyakov,S,false,false,wallet
Raquela Mistry,XS,true,true,mastercard
Shannen Brackenridge,XL,true,false,wallet
Talya Praundlin,XS,false,true,bankcard
Phedra McMorland,XL,false,true,maestro
Cyb Alabastar,L,false,true,americanexpress
Mark Dows,3XL,false,false,maestro
Vidovic Sinnett,XS,true,true,wallet
Malissa Dengate,XL,false,false,wallet
Danita Geroldi,XL,true,true,wallet
Gretchen Cracknell,XL,true,false,wallet
Derrick Vidloc,XL,false,false,mastercard
Daisie Lohmeyer,3XL,false,true,laser
Rebecka Stonhewer,M,false,true,diners-club-enroute
Bruis Wanklin,2XL,false,true,bankcard
Alfy Harbard,XS,false,false,wallet
Serge Rivel,XL,true,true,wallet
Ingemar Piquard,S,false,true,maestro
Jenifer Henzley,L,true,false,mastercard
Leilah Delgua,S,true,true,wallet
Meade Guidotti,3XL,false,true,bankcard
Esme Prewer,XL,false,false,mastercard
Johnny Bauer,3XL,false,true,wallet
Oona Nabbs,S,false,true,wallet
Maximilian Blann,M,false,false,laser
Dulcinea Sarney,XL,true,true,wallet
Cullan Denerley,XL,false,true,mastercard
Sebastian Box,L,true,true,americanexpress
Fawne Doige,3XL,true,true,wallet
Birgit Mottley,2XL,false,false,americanexpress
Toma Jirzik,3XL,true,false,wallet
Sebastian Killigrew,XL,false,true,americanexpress
Vincent Harland,S,true,true,bankcard
Brendin Maseres,3XL,true,true,americanexpress
Clem O'Cahsedy,XS,true,true,wallet
Valene Dunnett,XS,false,true,diners-club-enroute
Jethro Heddy,M,true,true,wallet
Damita Goodlett,XL,false,false,mastercard
Constanta Paramore,XS,false,true,wallet
Paloma Pourveer,XS,true,true,diners-club-international
Roxy Knibley,M,true,true,visa
Evered Searchfield,3XL,false,false,maestro
Tansy Bavridge,2XL,false,true,bankcard
Irina Gooday,M,true,true,mastercard
Myriam Matej,L,true,false,wallet
Corinna Bottomore,XS,false,false,maestro
Elita Dorrian,3XL,false,true,visa
Clemmy Pouck,M,false,false,wallet
Burtie Farnan,3XL,false,false,visa
Der Pickworth,S,true,true,wallet
Berte Sawle,3XL,false,true,wallet
Zeke Brambell,2XL,true,true,wallet
Lilias Sollon,3XL,false,false,maestro
Risa Doram,XS,false,true,mastercard
Alister Strangwood,L,true,true,wallet
Jacquetta Chatelain,L,true,true,wallet
Sal Bordessa,XS,true,true,maestro
Phyllys Anespie,S,false,false,maestro
Marlie Butlin,3XL,true,false,wallet
Burtie Covendon,3XL,false,true,visa
Kristos Wehden,2XL,false,false,wallet
Demeter Scotts,XL,false,true,wallet
Byron Lintin,L,true,true,mastercard
Angelica Morfey,XL,true,false,wallet
Brittany Foxall,2XL,false,false,wallet
Grady Tidbury,XS,false,true,laser
Lucita Chanders,XL,false,true,diners-club-enroute
Hedvig Royall,S,true,false,bankcard
Karlis Buret,3XL,false,true,maestro
Kristoffer Gerrett,XS,true,false,visa
Rafael Casin,2XL,false,false,mastercard
Katerine Taggert,3XL,false,false,diners-club-enroute
Ignaz Beaument,3XL,true,false,diners-club-international
Madlen Fermin,L,true,false,wallet
Romola Crowth,2XL,true,false,maestro
Ariadne Maass,2XL,false,false,wallet
Sharla O'Docherty,S,true,true,wallet
Case Gale,2XL,true,false,diners-club-us-ca
Gerry Sturte,3XL,true,false,maestro
Aida Colnett,M,false,true,wallet
Warden Benaine,L,true,false,bankcard
Antoni Teresse,3XL,false,false,wallet
Gayla Kench,XL,true,true,maestro
Suellen Skalls,S,true,false,americanexpress
Araldo Swire,2XL,true,false,wallet
Karrah Braam,2XL,false,true,visa
Saloma Khan,L,true,false,wallet
Sandie Bartlet,2XL,true,true,wallet
Benny Hartly,XL,true,true,maestro
Aarika Shorthouse,2XL,false,false,maestro
Alasdair Seiffert,XL,false,true,americanexpress
Meredith Becerra,XL,false,false,wallet
Dolorita Bawme,L,false,true,wallet
Lurline Sweetland,S,true,true,maestro
Bennie Habbon,M,true,false,wallet
Drusilla Cohr,M,true,true,wallet
Pren Strasse,M,false,false,bankcard
Mellisent Yakovich,M,false,true,visa
Alair Lintin,S,false,true,maestro
Mathilda Wilmot,XL,true,false,wallet
Corey Larman,XL,false,true,visa
Clarinda Sorro,2XL,false,true,visa
Averil De Gowe,XS,false,false,americanexpress
Christan Kynforth,L,false,true,wallet
Tito Beevens,2XL,true,true,wallet
Anet Yarrow,L,true,false,wallet
Fayre Straun,XS,false,false,wallet
Pebrook Gould,XL,false,false,wallet
Andy Pentycost,XS,false,false,visa
Harold Enrigo,XL,true,false,mastercard
Tammie Tallman,XS,false,false,diners-club-enroute
Whitaker Lambert-Ciorwyn,XS,true,true,wallet
Elfrida Tayloe,XL,true,false,wallet
Emalee Moorton,3XL,false,true,wallet
Paolina Playdon,XS,true,true,visa
Margaret Gildroy,XS,false,true,visa
Sully Twidale,3XL,true,false,diners-club-us-ca
Trenna L'oiseau,S,true,false,bankcard
Barbe Stanistrete,M,true,true,wallet
Kirstyn Espinel,3XL,true,false,laser
Baudoin Pearlman,M,false,false,visa
Augustine Brookbank,3XL,true,false,wallet
Zebulen Manzell,XL,false,true,visa
Verene Coo,XS,false,true,diners-club-enroute
Kendall Choppen,2XL,false,true,maestro
Jecho Delamar,M,false,false,americanexpress
Linzy Rearie,S,true,false,wallet
Selestina Campana,S,true,false,wallet
Alonso Flecknoe,2XL,true,true,wallet
Etheline Dillway,XL,true,true,wallet
Minette Lebourn,3XL,false,true,diners-club-enroute
Rora Ebbings,2XL,true,true,wallet
Corabella Huggins,2XL,false,true,wallet
Eddy Skatcher,XS,true,true,visa
Berny Bunford,2XL,false,false,americanexpress
Drew Spikings,2XL,false,false,visa
Kimmy Hedney,3XL,false,false,wallet
Afton Snoden,M,true,true,wallet
Juditha Cathesyed,XL,true,false,wallet
Phedra Gierke,L,true,false,laser
Marlow Schwerin,XS,true,false,wallet
Sindee Pendre,L,true,true,visa
Meggi Andrea,2XL,true,false,wallet
Homere Oakes,XS,false,false,wallet
Garrick Flips,2XL,true,true,visa
Trever Janecki,3XL,false,false,visa
Ella Burnep,3XL,true,false,wallet
Rich Clatworthy,XS,true,false,bankcard
Gilligan McMychem,S,true,true,wallet
Sim Hartshorn,L,false,false,visa
Dave Beamson,XS,true,true,visa
Margarete Robers,XL,true,true,bankcard
Perceval Reisen,2XL,true,false,mastercard
Abbot Steven,2XL,false,false,wallet
Rasla Fawthorpe,L,false,true,wallet
Susannah Wrightam,2XL,true,true,bankcard
Lucita Obington,S,true,false,wallet
Gram Oxlade,XS,true,false,wallet
Silvie Irnis,3XL,false,false,wallet
Isabeau Gratten,M,false,false,wallet
Cullie Light,XS,false,true,visa
Matty Smout,3XL,true,true,wallet
Revkah Schwaiger,S,false,true,wallet
Griffin Shatliff,2XL,true,false,maestro
Calhoun Coopland,XL,false,false,wallet
Gussi Pentycross,S,true,false,wallet
Zacherie Alvaro,S,false,false,wallet
Bari Varndell,L,true,false,visa
Pansie Redhouse,3XL,false,true,bankcard
Obie Yalden,XS,false,false,visa
Anselma Sleite,3XL,false,false,bankcard
Rock Gocher,2XL,false,false,wallet
Antonella Meagh,XL,true,true,wallet
Libbi Fyrth,S,true,false,wallet
Katee Greiswood,XS,true,false,visa
Nathaniel Goosey,2XL,true,true,wallet
Randie Le Grice,2XL,true,false,diners-club-enroute
Daffie Udie,S,false,false,mastercard
Tremaine Ferrino,XS,true,true,maestro
Alicea Braunlein,2XL,true,true,wallet
Elianora Rodell,L,true,true,wallet
Ebeneser Hastin,L,false,false,maestro
Candis Gosenell,S,false,false,wallet
Arabela Gateley,M,true,true,wallet
Mollee Irons,M,false,false,wallet
Inge Brough,M,true,false,wallet
Fenelia Pervoe,2XL,false,true,maestro
Siward Netherclift,2XL,true,true,wallet
Alene Jouannot,XS,true,true,wallet
Sacha O'Currigan,XS,false,true,wallet
Minne Pinniger,3XL,true,true,mastercard
Marta Yole,L,true,false,visa
Iain Wogan,S,true,true,mastercard
Marianne Boecke,M,true,false,visa
Jamie Jollie,2XL,false,false,mastercard
Rozalie Ivetts,3XL,false,true,visa
Paule Ciubutaro,M,true,true,bankcard
Husain Stathor,3XL,false,true,maestro
Donaugh Lipmann,L,false,false,mastercard
Sandie Kleszinski,XL,true,true,visa
Willie Yerrall,S,false,false,mastercard
Rivy Bonham,2XL,false,true,mastercard
Marty Van den Velden,M,false,true,americanexpress
Clary Zmitruk,3XL,true,true,mastercard
Ashli Valerius,M,false,false,wallet
Olivie Inseal,S,false,true,laser
Ely Garrick,S,true,false,visa
Janel Blaise,M,true,false,bankcard
Prudy Chettle,2XL,true,true,mastercard
Andras Osgordby,3XL,false,false,wallet
Aldon Lamboll,2XL,true,false,bankcard
Chloe Spellworth,3XL,false,true,maestro
Jodi Prebble,3XL,false,false,wallet
Jerrold Foresight,M,false,false,diners-club-enroute
Kissee Gowry,XS,false,false,visa
Belia MacCallester,M,true,false,bankcard
Jonathon Vazquez,XL,true,true,americanexpress
Sasha Sheals,3XL,false,true,wallet
Humfried Hugnin,XS,true,false,wallet
Vaughn Deinert,3XL,true,false,visa
Karoline Archley,S,false,true,wallet
Emmaline Rundle,L,false,false,wallet
Lionello Holstein,XL,true,false,wallet
Ursa Vanyushin,XS,false,false,visa
Nanny Lissandri,L,false,false,maestro
Charity Nano,3XL,true,false,wallet
Marshal Shouler,L,false,false,visa
Christos Cecchi,XS,true,true,mastercard
Nerta Tytherton,3XL,true,false,wallet
Helen Garnsworth,XS,true,true,maestro
Giorgi Joll,L,true,true,mastercard
Shayne Kelston,M,false,true,wallet
Evey Kubala,L,true,false,bankcard
Saraann Suddell,XL,false,true,bankcard
Julienne Brandle,M,false,true,visa
Alon Vannozzii,3XL,true,true,visa
Cinda Kelberman,XS,true,false,diners-club-us-ca
Morten Boom,M,false,true,bankcard
Yolane Lowseley,S,false,false,maestro
Julina Linford,XS,false,true,wallet
Piper Texton,XS,true,true,wallet
Marylynne De Mitris,XL,true,true,wallet
Sig Elstub,M,false,false,maestro
Ralf Sheerman,XS,true,true,mastercard
Sherline Von Welldun,L,false,false,maestro
Kiley Danielovitch,3XL,true,false,wallet
Eloise Pentlow,3XL,false,false,visa
Bailie Genese,XL,false,false,wallet
Loren Isacoff,XS,true,false,visa
Ervin Sherrott,M,false,false,americanexpress
Lief Browne,XS,false,true,wallet
Goddart Laborda,2XL,true,true,mastercard
Nikki Ould,3XL,true,true,wallet
Elfreda Isabell,S,false,false,wallet
Wilona Leif,L,true,false,wallet
Kalie Frisby,XL,false,false,wallet
Brunhilde Beel,XS,false,true,bankcard
Mia Mongain,S,true,false,visa
Lonnie Barmby,XL,false,false,wallet
Phyllida Dunbavin,M,true,true,wallet
Adrian Kelsow,3XL,false,false,visa
Christen Guttridge,3XL,true,false,wallet
Carol-jean Cottey,S,true,false,wallet
Gerri Daborn,XS,true,true,wallet
Wileen Borghese,2XL,false,false,wallet
Nico Merrifield,XS,false,true,americanexpress
Claybourne Bruck,3XL,false,true,wallet
Gennie Gornal,S,true,true,wallet
Lethia Miskimmon,2XL,true,true,diners-club-enroute
Banky McIlvoray,2XL,false,false,bankcard
Alfons Willingham,L,true,true,wallet
Hillie Downse,XL,true,true,wallet
Ranique Philcock,XS,false,false,bankcard
Yorgo Gregorio,M,true,true,visa
Courtenay Ludgrove,3XL,false,true,wallet
Petra Cockings,XL,true,false,wallet
Leonhard Mathiassen,XS,true,true,wallet
Winifred Joint,2XL,false,true,wallet
Ninon Farrand,XS,true,false,wallet
Khalil Ansty,XL,true,true,wallet
Ivy Papachristophorou,L,true,true,mastercard
Liuka Jeromson,XL,false,false,wallet
Henderson Levison,2XL,true,false,visa
Rochette Degli Antoni,2XL,true,false,visa
Killie Tweddell,XS,false,true,wallet
Xenia Bebbington,L,false,true,wallet
Catina Drewes,M,false,false,bankcard
Lyn Sherburn,L,true,true,wallet
Felicia Nazer,M,true,false,mastercard
Gasparo Carville,XL,false,false,bankcard
Veronique Roseblade,XL,false,false,visa
Vito Terrelly,S,true,true,laser
Alejandro Worboys,XS,false,false,diners-club-enroute
Alisha Pawlata,3XL,false,false,bankcard
Terza Milsom,M,true,false,visa
Courtenay Norkutt,S,false,false,wallet
Rock Elph,XS,true,true,visa
Bobby Spatoni,2XL,false,true,wallet
Cecily Merwood,L,true,true,wallet
Wallace Pawels,L,true,true,wallet
Josephina Parnall,2XL,false,false,visa
Martainn Pottie,XL,true,true,visa
Tripp Haseman,2XL,false,false,wallet
Mikel Wegenen,3XL,false,false,diners-club-enroute
Druci Van Vuuren,S,true,false,wallet
Siward Symon,L,false,false,wallet
Rhianna Stefanovic,2XL,true,true,bankcard
Pearle McGoon,XS,false,true,wallet
Greer Camock,L,false,true,wallet
Rhianon Gravy,L,false,true,visa
Andres Lanphier,S,false,false,wallet
Max Midlar,S,true,true,wallet
Louis Charlewood,XL,true,true,americanexpress
Finn Bamell,XL,false,false,wallet
Kaile Vennings,M,true,false,visa
Nora Cholerton,XL,true,false,visa
Lonny Boundey,S,true,false,americanexpress
Alasdair Beig,S,false,true,wallet
Lars Norman,2XL,false,true,visa
Reeva Sommerlie,S,true,true,mastercard
Eydie Jeayes,XS,false,true,mastercard
Jess Tansey,XS,false,true,americanexpress
Jemmy Huson,XS,false,false,maestro
Roddy Arderne,L,true,false,visa
Luciana Varley,2XL,true,true,wallet
Hilary Jaye,3XL,false,false,visa
Stephen Maggill'Andreis,XL,false,false,wallet
Kaycee Bereford,3XL,false,true,wallet
Sandor Dowse,3XL,true,true,mastercard
Karney Bartolic,S,false,false,wallet
Robinette Dorrell,L,false,true,wallet
Wynnie Edworthy,S,true,true,mastercard
Donnie Gomby,S,false,false,bankcard
Xenia Crauford,M,true,false,wallet
Teddi Freeburn,3XL,false,true,wallet
Winfield Lowrie,3XL,true,true,visa
Patti Mortell,L,true,true,laser
Marjie Fulep,M,false,false,visa
Olin Plumridge,S,true,false,diners-club-enroute
Lynn Fullman,3XL,false,false,wallet
Jeth Feldmesser,S,true,true,wallet
Austina Leehane,L,false,false,wallet
Graig Issacson,M,true,true,wallet
Gracia Aireton,XS,false,false,wallet
Pat Barthrop,S,false,false,laser
Evvy Gavaghan,M,false,true,americanexpress
Tisha Drinan,3XL,true,false,wallet
Archer Walas,L,false,false,visa
Loydie Benedito,XS,false,true,bankcard
Daune Tremble,S,true,false,maestro
Zedekiah Hawford,M,false,true,visa
Mei McLeish,M,true,true,wallet
Ricki Bendel,S,false,true,wallet
Gerome Dymond,XL,true,true,wallet
Belia Paula,XL,true,false,maestro
Carmita Ashness,XS,true,false,diners-club-enroute
Quintana Glauber,S,false,false,visa
Sidnee Kellart,3XL,false,true,mastercard
Melody Birkmyre,3XL,true,true,wallet
Bram Syne,M,true,false,visa
Genia Jaeggi,XS,false,true,diners-club-us-ca
Donella Brisco,3XL,true,true,wallet
Arte Downe,M,false,false,maestro
Xever Kempson,L,false,false,wallet
Nanete Sember,3XL,false,true,wallet
Burke Castelijn,M,true,false,visa
Robinet Leaves,3XL,true,false,diners-club-enroute
Inga Tatersale,XL,true,false,maestro
Dukie Peachment,M,false,false,mastercard
Mario Valentetti,M,true,true,mastercard
Charlotta Sarfass,S,false,true,americanexpress
Michel Gallyon,M,true,false,americanexpress
Mordecai Bownde,3XL,false,true,americanexpress
Noah Djakovic,XS,false,false,wallet
Cesaro Lutwidge,XS,false,true,wallet
Travus Swanbourne,L,true,true,mastercard
Heindrick Wilkin,L,false,false,wallet
Irita Bunny,2XL,false,true,visa
Franciskus Newman,XL,true,true,wallet
Janey Glen,XL,false,false,wallet
Melita Rastrick,XS,true,true,bankcard
Maximilianus Skingle,XS,true,true,visa
Millicent Itzkin,3XL,false,true,bankcard
Francois Velasquez,3XL,true,false,visa
Stevy Teasey,2XL,true,true,wallet
Curtis McReedy,2XL,false,false,visa
Kilian Aubry,S,true,true,bankcard
Monique Teideman,3XL,false,true,americanexpress
Eldridge Iggo,XS,false,true,mastercard
Scarlett Albers,S,false,false,visa
Elton Bevar,M,true,true,wallet
Roby Secretan,XS,false,false,laser
Dorri Deeman,3XL,true,true,wallet
Valerie Axelbey,M,true,true,wallet
Mallissa Groucutt,L,true,false,visa
Thatch Feedham,2XL,true,true,wallet
Sonny Guyot,S,false,false,mastercard
Madeleine Darton,L,false,false,bankcard
Lanny Taile,L,false,false,wallet
Durante Please,XS,false,true,visa
Marylou Probbings,XS,true,false,mastercard
Nolie Laughnan,S,false,true,visa
Tabbi Caulcott,3XL,false,false,wallet
Marci Astie,L,true,true,maestro
Timoteo Digle,M,false,true,wallet
Hale Rampton,S,false,true,wallet
Leelah Bygrave,M,false,false,wallet
Lacey Hinckes,XL,true,false,wallet
Dulciana Pedgrift,XL,true,false,visa
Wit McBrady,3XL,false,true,wallet
Courtney Rosone,L,false,true,visa
Bar Janjusevic,XS,false,false,bankcard
Christiana Orchard,3XL,true,false,wallet
Katalin Witherup,3XL,false,true,wallet
Kara Mantione,XS,true,false,bankcard
Helene Hallock,L,true,false,wallet
Verile Ludgrove,M,true,true,wallet
Randy Claringbold,L,false,true,mastercard
Johanna Brady,3XL,false,true,wallet
Ashlie Sheerman,2XL,true,true,wallet
Garrot Dron,XL,false,false,americanexpress
Lorry Ranahan,2XL,true,false,visa
Morris Leisman,XL,false,false,wallet
Jud Rauprich,3XL,true,false,bankcard
Francene Delbergue,L,true,false,wallet
Durward Hankin,XL,true,true,wallet
Edi Lovelock,2XL,false,false,wallet
Boyd Goodluck,3XL,true,false,mastercard
Erich Casbourne,XS,false,false,wallet
Sly Haward,2XL,false,false,americanexpress
Meghann Pierce,XL,true,true,wallet
Mag McIleen,XL,true,false,mastercard
Webb Issacov,S,true,true,mastercard
Keane Weblin,XL,false,true,visa
Tiffany Fehner,3XL,false,false,wallet
Nial Ommanney,XS,true,false,wallet
Jacinda Cutchey,M,true,true,mastercard
Hailey Washtell,XL,false,false,bankcard
Neel Rouby,XS,true,false,mastercard
Claudetta Guiducci,XS,false,true,wallet
Konstanze Burleton,XS,true,true,wallet
Marlo Vertigan,S,false,false,wallet
Burg Secker,XL,true,true,wallet
Sidonnie Tommasi,S,false,true,wallet
Sander Swigger,2XL,false,false,wallet
Elston Bengtsen,2XL,false,true,wallet
Maddi O'Hanley,3XL,true,false,bankcard
Jeniffer Lamputt,M,true,true,wallet
Val Fain,XL,false,true,americanexpress
Stevy Botterman,S,true,false,maestro
Johnath Domerque,M,true,true,wallet
Rosana Tripp,L,true,true,wallet
Annie Matchett,2XL,false,true,visa
Tobe Skune,XS,true,true,bankcard
Tracey Comley,2XL,true,false,wallet
Valentine Bruton,M,false,true,visa
Jyoti Szreter,M,true,true,visa
Kayne Ogelsby,S,false,true,visa
Coleman Soitoux,2XL,false,true,visa
Boony Mallam,XS,false,false,visa
Cullie Fost,3XL,true,false,visa
Nita Posvner,L,false,false,americanexpress
Kaitlyn Rolfo,XS,false,false,wallet
Ken Mingardo,3XL,true,true,mastercard
Elyn Kinsell,2XL,true,false,maestro
Raddy Queste,XS,true,false,visa
Davida Bradtke,M,true,true,bankcard
Tybie McMillan,S,false,true,maestro
Cyrill Boocock,XS,false,true,wallet
Moina Ewart,XL,false,false,diners-club-enroute
Nelly Venney,XS,false,true,maestro
Netty Christofe,XS,true,false,diners-club-us-ca
Hershel Haimes,XS,false,true,visa
Martica Fellini,L,true,false,americanexpress
Lory Nestor,L,false,false,maestro
Evelina Cullimore,2XL,true,false,americanexpress
Ralph Origan,L,false,false,bankcard
Townie Tick,XS,true,false,bankcard
Kial Studeart,2XL,false,false,diners-club-us-ca
Herminia Arens,XS,false,true,wallet
Minna Poulsom,S,true,true,wallet
Gavra Jaulme,XL,true,true,bankcard
Fulvia Mosley,XL,false,true,diners-club-enroute
Alanna Karolowski,2XL,false,true,wallet
Madelene Neles,L,true,false,americanexpress
Sisile Wishkar,S,false,false,visa
Joshua Agneau,XL,false,true,wallet
Oralee Waghorn,L,false,false,visa
Nickolas Matokhnin,S,true,true,wallet
Olivia Sorensen,S,false,false,wallet
Luci Pree,3XL,false,false,wallet
Hogan Lethbridge,M,false,true,laser
Wilfrid Latimer,M,false,true,visa
Sasha Owers,XS,true,false,bankcard
Robbie de Cullip,XS,true,true,diners-club-enroute
Uta Gossage,XS,false,false,wallet
Mari Varden,S,true,true,wallet
Kathy Snepp,XL,false,true,wallet
Christian Ogilby,L,true,true,diners-club-enroute
Michael Cogman,L,true,true,bankcard
Lona Pudden,XS,true,false,visa
Ondrea Antognelli,XS,true,true,americanexpress
Letty Franek,2XL,true,true,americanexpress
Delores Sowle,3XL,true,false,wallet
Ingaberg Goodby,2XL,false,false,bankcard
Dov Mant,2XL,true,true,wallet
Robena Lonsbrough,S,false,false,wallet
Dominga Toohey,M,true,true,bankcard
Waverley Anney,XL,false,true,wallet
Falkner Streater,XS,false,true,maestro
Mariette Kener,XS,false,false,mastercard
Jori Bachura,L,false,true,diners-club-international
Carver Atcherley,XL,false,false,mastercard
Dacie Popping,L,false,false,wallet
Madalena Vogeler,2XL,true,false,maestro
Eldredge D'Aeth,L,true,false,americanexpress
Denney Foster-Smith,2XL,true,true,americanexpress
Yorker Trask,3XL,false,false,wallet
Hercule Jeyness,L,false,true,mastercard
Webster Piscot,XL,true,false,wallet
Jesselyn Ginnane,L,false,false,diners-club-us-ca
Giffie Acutt,S,false,true,wallet
Corie Zamboniari,3XL,false,true,wallet
Giordano Camplin,M,true,true,visa
Rudie Grangier,M,true,true,wallet
Miguela Domsalla,L,true,true,wallet
Cordi Elijahu,XS,false,true,wallet
Donovan Thresher,XL,true,false,wallet
Edee Gulleford,XS,true,true,wallet
Devora Boggers,3XL,true,false,visa
Lloyd Topaz,M,false,true,mastercard
Nanine Dewerson,S,true,true,wallet
Starr Sunner,XL,true,true,maestro
Giustina Hazelgreave,S,true,true,wallet
Yance Costanza,2XL,true,true,wallet
Kaela Hartmann,S,true,true,wallet
Kin Falkous,3XL,true,true,wallet
Corri Ramsden,XS,true,true,americanexpress
Frederick Hollingdale,3XL,true,false,americanexpress
Marlene Studdal,M,false,false,diners-club-international
Nessi Jovic,XL,true,false,wallet
Shel Brunning,S,false,false,wallet
Helsa Tidey,XS,true,true,diners-club-enroute
Wilmer Ashbridge,M,false,true,wallet
Hilliary Van der Beken,L,false,false,visa
Marsh Portis,XL,true,false,wallet
Holli Prin,3XL,false,true,wallet
Jourdain Heims,S,true,true,laser
Maurise Clandillon,2XL,true,true,maestro
Illa Lymbourne,XS,true,true,maestro
Doroteya Bushby,S,true,false,wallet
Angelique Tabram,L,true,true,maestro
Elsi Dodsley,2XL,true,true,americanexpress
Kameko Triplett,L,true,true,wallet
Leoline Verrechia,L,true,true,wallet
Velma Grahame,XS,false,true,wallet
Joann Adelsberg,XS,true,true,visa
Micky Kenen,2XL,true,false,visa
Lavena Atcock,XS,true,true,wallet
Cindi Lowbridge,XL,true,true,wallet
Reese Witten,XL,false,true,visa
Cecil Wellington,S,true,true,wallet
Jasmine Scholey,XS,true,true,mastercard
Regan Dzeniskevich,L,true,false,visa
Giovanna Torrejon,XL,false,false,wallet
Penelopa Iaduccelli,M,false,false,wallet
Johannah Woodington,M,true,false,mastercard
Olivette Benedick,XL,true,false,diners-club-us-ca
Eadmund Josuweit,3XL,false,false,maestro
Ichabod Eringey,XS,false,true,wallet
Dorolisa Frary,L,true,false,wallet
Melessa Allmen,M,true,false,wallet
Pearla Danev,M,false,false,wallet
Waly Lesor,XS,true,false,wallet
Clayson Malenfant,L,false,true,maestro
Johannah Midlane,XL,false,true,bankcard
Keefer Emsden,XS,true,true,mastercard
Callean Meddows,2XL,false,true,americanexpress
Berti Giovannilli,S,false,true,wallet
Valida Haslehurst,2XL,false,false,wallet
Ephrem Pottage,2XL,true,false,maestro
Cathrine Paolucci,XL,true,false,diners-club-international
Morlee Atterbury,M,true,true,bankcard
Anjanette Pyett,2XL,false,false,wallet
Ganny McCurlye,XL,false,false,wallet
Ferdinande Huston,L,true,true,maestro
Waite Southon,3XL,true,true,mastercard
Dollie Clearley,2XL,true,true,wallet
Odille Tennant,XL,true,false,wallet
Davine Asals,2XL,false,true,maestro
Abagael Pitherick,2XL,true,false,wallet
Nancey Darrel,3XL,true,true,wallet
Archibold Stickins,XL,true,true,wallet
Kissiah Surmeyer,3XL,true,true,wallet
Suki Vasyutkin,2XL,false,false,wallet
Kaycee Nacci,M,false,true,wallet
Evangelina Hodgins,3XL,false,false,bankcard
Lona Anstie,L,true,true,visa
Amity Shallcrass,XL,true,true,maestro
Fonz Pittson,2XL,false,true,wallet
Daile Bemwell,2XL,false,false,wallet
Giordano Carlon,2XL,false,true,wallet
Dre Bicknell,XL,true,true,wallet
Brendan Romanin,3XL,false,false,wallet
Konstanze Crunden,L,false,false,maestro
Willard Terbeck,XS,false,false,wallet
Caro Iannuzzi,3XL,false,false,visa
Tabby Longworth,M,true,false,visa
Guthry Skelbeck,XS,false,false,mastercard
Celinda De Castri,3XL,false,true,visa
Izzy Morales,2XL,false,true,wallet
Sharleen Meyrick,XL,true,true,wallet
Caro Kuschel,S,false,true,wallet
Jody Livingstone,M,false,false,wallet
Jerald Donahue,M,true,false,wallet
Moyra Danser,XS,false,true,bankcard
Feodor Tolcher,XS,true,false,visa
Henryetta Bresnen,XL,true,true,wallet
Elden Volks,L,true,false,wallet
Karisa Ploughwright,M,true,true,visa
Reeba Aylett,L,false,false,visa
Vin Narrie,XS,false,true,wallet
Stacia Budnik,S,true,true,wallet
Drake Antunes,2XL,true,false,visa
Miller Mumbeson,2XL,true,false,visa
Hanna Twinborne,XS,false,false,visa
Kerk Leemans,XL,false,true,diners-club-enroute
Avivah Jobin,2XL,false,false,bankcard
Alfonse Sutcliff,3XL,true,true,wallet
Chad Hellier,2XL,true,false,mastercard
Elicia Blandamore,M,false,true,bankcard
Korney Rogeon,2XL,true,false,visa
Barnabas Stoffels,M,true,false,visa
Farlie Blackhall,S,false,false,visa
Wilma Soughton,L,false,true,wallet
Kimberli Roft,M,true,false,visa
Nicolina O'Shevlan,M,false,false,wallet
Donelle Dominey,2XL,true,true,wallet
Earvin Graysmark,3XL,false,true,visa
Meyer Found,2XL,true,false,wallet
Michell Cottem,S,false,false,wallet
Amalee Isacq,S,true,false,wallet
Suzann Jurgenson,L,false,true,wallet
Saunderson Beadle,2XL,true,true,wallet
Mata Chaperling,XS,true,true,wallet
Grover Scatchard,S,false,true,wallet
Zoe Hadlee,XS,true,true,visa
Freddy Halversen,2XL,true,true,laser
Libbey Ife,2XL,true,true,wallet
Jobey Falcus,3XL,false,true,mastercard
Alvin Luff,XS,true,false,wallet
Fenelia Fairbourne,3XL,true,true,laser
Roselia Guly,S,false,true,wallet
Fallon McMillan,XS,true,false,visa
Griswold Upstell,2XL,true,true,bankcard
Davon Barwood,3XL,false,true,bankcard
Vernen Scholey,L,false,false,maestro
Anatole Booi,L,false,false,wallet
Jessika Downgate,3XL,false,true,wallet
Chrystal Driffield,M,false,false,maestro
Verney Browett,XS,true,true,americanexpress
Kevon Bucky,2XL,false,true,wallet
Rochelle Maffin,2XL,false,true,bankcard
Bobina Dumbrill,S,false,false,wallet
Rem Lince,3XL,true,true,wallet
Berry Whorlow,2XL,true,true,diners-club-international
Tildi Nerne,2XL,true,true,bankcard
Evelina Presdee,M,false,true,wallet
Etan D'Orsay,3XL,false,true,bankcard
Albert Mapston,M,false,false,americanexpress
Delphinia Jockle,L,true,true,visa
Hilliard Garbar,L,false,false,diners-club-enroute
Myrta De Dei,XS,false,false,wallet
Colver Hallut,XL,false,true,bankcard
Alexi MacCaffrey,L,false,true,wallet
Bret Calway,M,false,false,bankcard
Eadith Pydcock,XL,false,true,mastercard
Dante Tuplin,2XL,true,false,diners-club-enroute
Mallory Lismore,XS,false,false,wallet
Ardys Burndred,S,false,false,visa
Rebecca Mellodey,3XL,false,true,wallet
Lilith Falconer-Taylor,M,false,false,wallet
Giralda Cavie,M,false,false,maestro
Byrom Darwent,L,true,true,maestro
Bernard Hedgeman,S,false,false,wallet
Alexandr Brickhill,XL,true,true,wallet
Carie Egle,2XL,false,true,mastercard
Paolina Durtnel,XS,false,false,wallet
Kerry Joselevitch,2XL,true,true,americanexpress
Rodrick Dukelow,M,false,false,visa
Jessi Neilands,L,true,false,maestro
Stacee Anan,XS,false,false,bankcard
Itch Bolzen,2XL,false,false,wallet
Celina MacConnechie,2XL,false,true,laser
Stillmann Wade,XS,false,false,maestro
Livvie Lidierth,M,true,false,visa
Carolee Gilluley,XS,false,true,visa
Josefa Barbosa,M,false,true,maestro
Carin Mantram,L,true,true,wallet
Vivianna Janoch,XL,true,true,wallet
Karil Stowgill,2XL,true,true,wallet
Willamina Snowling,L,true,true,wallet
Sven Cammacke,S,true,false,wallet
Felice Elverston,XL,false,false,mastercard
Sherye Skillington,XS,true,false,wallet
Penni Chartre,S,false,false,maestro
Tonye Osbourn,XL,true,false,visa
Godard Keymer,XL,true,false,wallet
Luther Vallantine,XS,false,false,wallet
Nikki Tooher,2XL,false,false,wallet
Kellyann Sangwine,M,true,true,visa
Jerrold Matyukon,S,true,true,maestro
Ashli Tranmer,3XL,false,false,wallet
Wilhelmine Arendsen,3XL,false,false,mastercard
Adolph Troyes,M,false,true,wallet
Zia Hulbert,2XL,true,true,bankcard
Robbert Challicombe,L,false,true,wallet
Rachel Robiot,2XL,true,true,wallet
Angela Lovatt,XL,true,true,visa
Dominica Enion,3XL,false,false,bankcard
Jo Jaram,M,false,false,americanexpress
Vallie McCreedy,S,false,false,wallet
Fernanda Angelo,L,true,false,wallet
Artur Bolliver,XL,false,true,wallet
Leanna Belvin,S,true,true,maestro
Jamal Stubbin,S,false,false,americanexpress
Elita Krojn,XS,true,false,maestro
Marjie Jenik,S,false,true,wallet
